series,time,y,split,event
sunspots,1700,5,train,
sunspots,1701,11,train,
sunspots,1702,16,train,
sunspots,1703,23,train,
sunspots,1704,36,train,
sunspots,1705,58,train,
sunspots,1706,29,train,
sunspots,1707,20,train,
sunspots,1708,10,train,
sunspots,1709,8,train,
sunspots,1710,3,train,
sunspots,1711,0,train,
sunspots,1712,0,train,
sunspots,1713,2,train,
sunspots,1714,11,train,
sunspots,1715,27,train,
sunspots,1716,47,train,
sunspots,1717,63,train,
sunspots,1718,60,train,
sunspots,1719,39,train,
sunspots,1720,28,train,
sunspots,1721,26,train,
sunspots,1722,22,train,
sunspots,1723,11,train,
sunspots,1724,21,train,
sunspots,1725,40,train,
sunspots,1726,78,train,
sunspots,1727,122,train,
sunspots,1728,103,train,
sunspots,1729,73,train,
sunspots,1730,47,train,
sunspots,1731,35,train,
sunspots,1732,11,train,
sunspots,1733,5,train,
sunspots,1734,16,train,
sunspots,1735,34,train,
sunspots,1736,70,train,
sunspots,1737,81,train,
sunspots,1738,111,train,
sunspots,1739,101,train,
sunspots,1740,73,train,
sunspots,1741,40,train,
sunspots,1742,20,train,
sunspots,1743,16,train,
sunspots,1744,5,train,
sunspots,1745,11,train,
sunspots,1746,22,train,
sunspots,1747,40,train,
sunspots,1748,60,train,
sunspots,1749,80.9,train,
sunspots,1750,83.4,train,
sunspots,1751,47.7,train,
sunspots,1752,47.8,train,
sunspots,1753,30.7,train,
sunspots,1754,12.2,train,
sunspots,1755,9.6,train,
sunspots,1756,10.2,train,
sunspots,1757,32.4,train,
sunspots,1758,47.6,train,
sunspots,1759,54,train,
sunspots,1760,62.9,train,
sunspots,1761,85.9,train,
sunspots,1762,61.2,train,
sunspots,1763,45.1,train,
sunspots,1764,36.4,train,
sunspots,1765,20.9,train,
sunspots,1766,11.4,train,
sunspots,1767,37.8,train,
sunspots,1768,69.8,train,
sunspots,1769,106.1,train,
sunspots,1770,100.8,train,
sunspots,1771,81.6,train,
sunspots,1772,66.5,train,
sunspots,1773,34.8,train,
sunspots,1774,30.6,train,
sunspots,1775,7,train,
sunspots,1776,19.8,train,
sunspots,1777,92.5,train,
sunspots,1778,154.4,train,
sunspots,1779,125.9,train,
sunspots,1780,84.8,train,
sunspots,1781,68.1,train,
sunspots,1782,38.5,train,
sunspots,1783,22.8,train,
sunspots,1784,10.2,train,
sunspots,1785,24.1,train,
sunspots,1786,82.9,train,
sunspots,1787,132,train,
sunspots,1788,130.9,train,
sunspots,1789,118.1,train,
sunspots,1790,89.9,train,
sunspots,1791,66.6,train,
sunspots,1792,60,train,
sunspots,1793,46.9,train,
sunspots,1794,41,train,
sunspots,1795,21.3,train,
sunspots,1796,16,train,
sunspots,1797,6.4,train,
sunspots,1798,4.1,train,
sunspots,1799,6.8,train,
sunspots,1800,14.5,train,
sunspots,1801,34,train,
sunspots,1802,45,train,
sunspots,1803,43.1,train,
sunspots,1804,47.5,train,
sunspots,1805,42.2,train,
sunspots,1806,28.1,train,
sunspots,1807,10.1,train,
sunspots,1808,8.1,train,
sunspots,1809,2.5,train,
sunspots,1810,0,train,
sunspots,1811,1.4,train,
sunspots,1812,5,train,
sunspots,1813,12.2,train,
sunspots,1814,13.9,train,
sunspots,1815,35.4,train,
sunspots,1816,45.8,train,
sunspots,1817,41.1,train,
sunspots,1818,30.1,train,
sunspots,1819,23.9,train,
sunspots,1820,15.6,train,
sunspots,1821,6.6,train,
sunspots,1822,4,train,
sunspots,1823,1.8,train,
sunspots,1824,8.5,train,
sunspots,1825,16.6,train,
sunspots,1826,36.3,train,
sunspots,1827,49.6,train,
sunspots,1828,64.2,train,
sunspots,1829,67,train,
sunspots,1830,70.9,train,
sunspots,1831,47.8,train,
sunspots,1832,27.5,train,
sunspots,1833,8.5,train,
sunspots,1834,13.2,train,
sunspots,1835,56.9,train,
sunspots,1836,121.5,train,
sunspots,1837,138.3,train,
sunspots,1838,103.2,train,
sunspots,1839,85.7,train,
sunspots,1840,64.6,train,
sunspots,1841,36.7,train,
sunspots,1842,24.2,train,
sunspots,1843,10.7,train,
sunspots,1844,15,train,
sunspots,1845,40.1,train,
sunspots,1846,61.5,train,
sunspots,1847,98.5,train,
sunspots,1848,124.7,train,
sunspots,1849,96.3,train,
sunspots,1850,66.6,train,
sunspots,1851,64.5,train,
sunspots,1852,54.1,train,
sunspots,1853,39,train,
sunspots,1854,20.6,train,
sunspots,1855,6.7,train,
sunspots,1856,4.3,train,
sunspots,1857,22.7,train,
sunspots,1858,54.8,train,
sunspots,1859,93.8,train,
sunspots,1860,95.8,train,
sunspots,1861,77.2,train,
sunspots,1862,59.1,train,
sunspots,1863,44,train,
sunspots,1864,47,train,
sunspots,1865,30.5,train,
sunspots,1866,16.3,train,
sunspots,1867,7.3,train,
sunspots,1868,37.6,train,
sunspots,1869,74,train,
sunspots,1870,139,train,
sunspots,1871,111.2,train,
sunspots,1872,101.6,train,
sunspots,1873,66.2,train,
sunspots,1874,44.7,train,
sunspots,1875,17,train,
sunspots,1876,11.3,train,
sunspots,1877,12.4,train,
sunspots,1878,3.4,train,
sunspots,1879,6,train,
sunspots,1880,32.3,calibration,
sunspots,1881,54.3,calibration,
sunspots,1882,59.7,calibration,
sunspots,1883,63.7,calibration,
sunspots,1884,63.5,calibration,
sunspots,1885,52.2,calibration,
sunspots,1886,25.4,calibration,
sunspots,1887,13.1,calibration,
sunspots,1888,6.8,calibration,
sunspots,1889,6.3,calibration,
sunspots,1890,7.1,calibration,
sunspots,1891,35.6,calibration,
sunspots,1892,73,calibration,
sunspots,1893,85.1,calibration,
sunspots,1894,78,calibration,
sunspots,1895,64,calibration,
sunspots,1896,41.8,calibration,
sunspots,1897,26.2,calibration,
sunspots,1898,26.7,calibration,
sunspots,1899,12.1,calibration,
sunspots,1900,9.5,calibration,
sunspots,1901,2.7,calibration,
sunspots,1902,5,calibration,
sunspots,1903,24.4,calibration,
sunspots,1904,42,calibration,
sunspots,1905,63.5,calibration,
sunspots,1906,53.8,calibration,
sunspots,1907,62,calibration,
sunspots,1908,48.5,calibration,
sunspots,1909,43.9,calibration,
sunspots,1910,18.6,calibration,
sunspots,1911,5.7,calibration,
sunspots,1912,3.6,calibration,
sunspots,1913,1.4,calibration,
sunspots,1914,9.6,calibration,
sunspots,1915,47.4,calibration,
sunspots,1916,57.1,calibration,
sunspots,1917,103.9,calibration,
sunspots,1918,80.6,calibration,
sunspots,1919,63.6,calibration,
sunspots,1920,37.6,calibration,
sunspots,1921,26.1,calibration,
sunspots,1922,14.2,calibration,
sunspots,1923,5.8,calibration,
sunspots,1924,16.7,calibration,
sunspots,1925,44.3,calibration,
sunspots,1926,63.9,calibration,
sunspots,1927,69,calibration,
sunspots,1928,77.8,calibration,
sunspots,1929,64.9,calibration,
sunspots,1930,35.7,calibration,
sunspots,1931,21.2,calibration,
sunspots,1932,11.1,calibration,
sunspots,1933,5.7,calibration,
sunspots,1934,8.7,calibration,
sunspots,1935,36.1,calibration,
sunspots,1936,79.7,calibration,
sunspots,1937,114.4,calibration,
sunspots,1938,109.6,calibration,
sunspots,1939,88.8,calibration,
sunspots,1940,67.8,calibration,
sunspots,1941,47.5,calibration,
sunspots,1942,30.6,calibration,
sunspots,1943,16.3,calibration,
sunspots,1944,9.6,calibration,
sunspots,1945,33.2,calibration,
sunspots,1946,92.6,calibration,
sunspots,1947,151.6,calibration,
sunspots,1948,136.3,calibration,
sunspots,1949,134.7,calibration,
sunspots,1950,83.9,test,
sunspots,1951,69.4,test,
sunspots,1952,31.5,test,
sunspots,1953,13.9,test,
sunspots,1954,4.4,test,
sunspots,1955,38,test,
sunspots,1956,141.7,test,
sunspots,1957,190.2,test,
sunspots,1958,184.8,test,
sunspots,1959,159,test,
sunspots,1960,112.3,test,
sunspots,1961,53.9,test,
sunspots,1962,37.6,test,
sunspots,1963,27.9,test,
sunspots,1964,10.2,test,
sunspots,1965,15.1,test,
sunspots,1966,47,test,
sunspots,1967,93.8,test,
sunspots,1968,105.9,test,
sunspots,1969,105.5,test,
sunspots,1970,104.5,test,
sunspots,1971,66.6,test,
sunspots,1972,68.9,test,
sunspots,1973,38,test,
sunspots,1974,34.5,test,
sunspots,1975,15.5,test,
sunspots,1976,12.6,test,
sunspots,1977,27.5,test,
sunspots,1978,92.5,test,
sunspots,1979,155.4,test,
sunspots,1980,154.6,test,
sunspots,1981,140.4,test,
sunspots,1982,115.9,test,
sunspots,1983,66.6,test,
sunspots,1984,45.9,test,
sunspots,1985,17.9,test,
sunspots,1986,13.4,test,
sunspots,1987,29.4,test,
sunspots,1988,100.2,test,
sunspots,1989,157.6,test,
sunspots,1990,142.6,test,
sunspots,1991,145.7,test,
sunspots,1992,94.3,test,
sunspots,1993,54.6,test,
sunspots,1994,29.9,test,
sunspots,1995,17.5,test,
sunspots,1996,8.6,test,
sunspots,1997,21.5,test,
sunspots,1998,64.3,test,
sunspots,1999,93.3,test,
sunspots,2000,119.6,test,
sunspots,2001,111,test,
sunspots,2002,104,test,
sunspots,2003,63.7,test,
sunspots,2004,40.4,test,
sunspots,2005,29.8,test,
sunspots,2006,15.2,test,
sunspots,2007,7.5,test,
sunspots,2008,2.9,test,
