series,time,y,event,diagnostic_alert,coherence,memory,cpe,ewma,ar1,instant,persistence,mean
sunspots,1950.0,83.9,,True,0.8298722761044626,2.496911211836376,121.79842710877445,122.01303203872891,118.37272986573066,132.50487553663442,134.7,44.43277777777778
sunspots,1951.0,69.4,,True,0.9495957676335914,2.2004135534173175,78.8584614593963,79.28325528063527,76.7863440687989,48.17838127159071,83.9,44.43277777777778
sunspots,1952.0,31.5,,False,0.6546913281381277,1.1319147188781005,67.00571766192523,67.11662781797388,64.91621426455656,57.90217319853965,69.4,44.43277777777778
sunspots,1953.0,13.9,,False,0.584800959515757,0.49825275195599417,34.631205595833485,35.02206556407019,33.89015084519209,12.01284514698131,31.5,44.43277777777778
sunspots,1954.0,4.4,,False,0.377744502730751,0.03083709484430691,19.773647839192133,19.980521903722895,19.4822691517669,7.7920097566338455,13.9,44.43277777777778
sunspots,1955.0,38.0,,False,0.4747474347761247,0.8187533553224586,11.716936098941613,11.736124650728296,11.70528755588399,6.008043295098457,4.4,44.43277777777778
sunspots,1956.0,141.7,,True,0.4345979452327168,3.8688534491810067,39.59994457121302,40.0299968713818,39.21124351605934,51.69459079707926,38.0,44.43277777777778
sunspots,1957.0,190.2,,True,0.7899412485070794,5.7356937249825615,125.78453311685445,127.97199080661487,124.10313735743387,168.64454033481076,141.7,44.43277777777778
sunspots,1958.0,184.8,,True,0.9398407370987975,6.193422663877476,168.33753604068727,169.5423687035029,163.80667497852033,216.01931317678995,190.2,44.43277777777778
sunspots,1959.0,159.0,,True,0.9987887536938814,5.996037736556386,165.20690583507516,165.57949757736964,159.38607491349217,179.11645697583424,184.8,44.43277777777778
sunspots,1960.0,112.3,,True,0.8965195947036498,5.037193699708968,144.25420521635414,144.2614678949139,138.2654301583575,137.8798228766782,159.0,44.43277777777778
sunspots,1961.0,53.9,,True,0.7009847651089045,3.502015111949284,104.55136874638731,105.07261959198941,100.03542589228044,76.75690897040384,112.3,44.43277777777778
sunspots,1962.0,37.6,,True,0.8378029764918474,2.9581310140315353,54.68231405929993,55.729469930591605,52.22745481864232,19.887224136342844,53.9,44.43277777777778
sunspots,1963.0,27.9,,True,0.8364036468344023,2.5398733338288713,41.36212262779906,41.84192267342213,38.883791659390596,26.628866473832044,37.6,44.43277777777778
sunspots,1964.0,10.2,,True,0.5001531565740298,1.8413846097588054,33.067443454085215,33.482957469002166,30.943084135173297,21.75620073518971,27.9,44.43277777777778
sunspots,1965.0,15.1,,False,0.9575877106562506,1.7455428871386134,17.37431380261863,18.29472408733973,16.453339477580926,6.0786204702933215,10.2,44.43277777777778
sunspots,1966.0,47.0,,True,0.6087406259223767,2.4892378588712605,22.13613513892053,22.210167608911775,20.464624721773163,19.16868346969572,15.1,44.43277777777778
sunspots,1967.0,93.8,,True,0.6644673440931924,3.831193414371935,48.09421050338528,49.068148149977574,46.57891029110631,62.732071247059274,47.0,44.43277777777778
sunspots,1968.0,105.9,,True,0.890088416888967,4.346534286300261,87.4364804341056,88.7219709357225,84.89077752135056,116.26764958540552,93.8,44.43277777777778
sunspots,1969.0,105.5,,True,0.946654883865575,4.537252372143842,98.664996007427,99.14273047188064,94.79619618558038,113.49626176166957,105.9,44.43277777777778
sunspots,1970.0,104.5,,True,0.949673754846149,4.702072471112178,98.76395644633226,99.00599670105547,94.46874432891163,104.60155248577092,105.5,44.43277777777778
sunspots,1971.0,66.6,,True,0.8315746001673047,3.7495068563616196,98.11554950643955,98.35218715835191,93.65011468723974,103.17653492622395,104.5,44.43277777777778
sunspots,1972.0,68.9,,True,0.9524116165415412,3.825300112634513,65.74204593277875,66.37355812423688,62.62405126787527,40.12986296235414,66.6,44.43277777777778
sunspots,1973.0,38.0,,True,0.7423079437683475,2.9153341259438585,68.15015970775138,68.33219955635512,64.50689944372061,70.48418592101537,68.9,44.43277777777778
sunspots,1974.0,34.5,,True,0.9363921717359812,2.6865367966837623,41.375319196486416,42.1265776420032,39.21124351605934,19.534961494316736,38.0,44.43277777777778
sunspots,1975.0,15.5,,True,0.6006646213221032,1.9805594996770164,38.86169179570308,39.03257656689151,36.346039770207746,31.934468222627878,34.5,44.43277777777778
sunspots,1976.0,12.6,,False,0.7572565022897544,1.6753804173334481,21.981728600321308,22.772636078118936,20.792076578441918,8.27059799380458,15.5,44.43277777777778
sunspots,1977.0,27.5,,True,0.8037347208430239,1.8975774862856414,19.686743332428126,20.093431034926898,18.41805061759345,12.214547361312706,12.6,44.43277777777778
sunspots,1978.0,92.5,,True,0.49879604787350695,3.697181193341937,32.14078118972234,32.51320976479019,30.615632278504545,37.91511033008355,27.5,44.43277777777778
sunspots,1979.0,155.4,,True,0.7012574608006099,5.733468987926368,85.67069835468833,87.52374018051904,83.82655898717711,114.69423703180986,92.5,44.43277777777778
sunspots,1980.0,154.6,,True,0.9335743953150831,6.139914014838416,139.339001352391,141.05183243626507,135.31836344833872,185.50977295375313,155.4,44.43277777777778
sunspots,1981.0,140.4,,True,0.9791716078307187,6.127812802343228,140.39552624869057,140.8033737498396,134.6634597350012,152.66430191940358,154.6,44.43277777777778
sunspots,1982.0,115.9,,True,0.9701668345041969,5.729810853575118,129.0390991374165,129.16673162560366,123.03891882326043,128.65597617792497,140.4,44.43277777777778
sunspots,1983.0,66.6,,True,0.7859076200720678,4.466441749898886,108.54136506041999,108.71230345587435,102.98249260229923,96.05655032575424,115.9,44.43277777777778
sunspots,1984.0,45.9,,True,0.846399019468357,3.8307269593656605,66.13426187372882,67.09049301777415,62.62405126787527,34.03077309451266,66.6,44.43277777777778
sunspots,1985.0,17.9,,True,0.5655156108708153,2.8824526200266725,48.92074122752534,49.509144644632904,45.67841768526724,31.523197090599083,45.9,44.43277777777778
sunspots,1986.0,13.4,,True,0.7437379987950923,2.5152754098722383,24.38685967267501,25.639240338481116,22.756787718454444,7.047658872145881,17.9,44.43277777777778
sunspots,1987.0,29.4,,True,0.7885048123498102,2.7496285176481425,20.943660230687847,21.5882297408032,19.072954330930962,12.113955758057157,13.4,44.43277777777778
sunspots,1988.0,100.2,,True,0.4874512238401768,4.708008804188266,34.33912391602097,34.92065711532927,32.17102859768113,40.31395380509833,29.4,44.43277777777778
sunspots,1989.0,157.6,,True,0.7280376710324716,6.5908683232211,92.42493188150253,94.8380160322389,90.13000722805063,123.29081259469936,100.2,44.43277777777778
sunspots,1990.0,142.6,,True,0.9804314968727766,6.557561813723962,141.91774908413643,143.71021698323793,137.11934866001684,186.24004506228454,157.6,44.43277777777778
sunspots,1991.0,145.7,,True,0.9229958394366644,6.986637838264086,131.2691441798037,131.39746584866253,124.83990403493857,130.21330723203604,142.6,44.43277777777778
sunspots,1992.0,94.3,,True,0.8510239980998466,5.7847090253925195,133.82629358048993,134.3642937623855,127.37765592412141,146.63143771012267,145.7,44.43277777777778
sunspots,1993.0,54.6,,True,0.7811137004547646,4.690164984365148,90.2230185448203,91.08480136757902,85.3000923421865,57.15021334986962,94.3,44.43277777777778
sunspots,1994.0,29.9,,True,0.7242774124143911,3.8624451677998133,56.46404769449347,57.49066055217779,52.800495567812646,28.820232834104367,54.6,44.43277777777778
sunspots,1995.0,17.5,,True,0.7010012333249493,3.2941615102103063,35.37782521024359,36.44278858631689,32.580343418517074,15.994031745654496,29.9,44.43277777777778
sunspots,1996.0,8.6,,True,0.5593666448105534,2.780456589050426,24.738547143214692,25.723497371995993,22.429335861785688,11.857996526441436,17.5,44.43277777777778
sunspots,1997.0,21.5,,True,0.8282004479427978,2.887736929851736,16.69882672416444,17.923988639956335,15.143532050905907,7.407862849940583,8.6,44.43277777777778
sunspots,1998.0,64.3,,True,0.5728608346847215,3.9589891891019873,28.0954794473174,28.59159135832497,25.70385442847323,30.968284031246995,21.5,44.43277777777778
sunspots,1999.0,93.3,,True,0.7891228641475905,4.816983420668031,63.00915294340669,64.70019228113192,60.741203092029934,82.85142325974778,64.3,44.43277777777778
sunspots,2000.0,119.6,,True,0.828218507921804,5.726030037032552,88.28265445398362,89.29844612118265,84.48146270051461,110.17435376973165,93.3,44.43277777777778
sunspots,2001.0,111.0,,True,0.9770499996828352,5.703906467627019,110.75382633007173,111.73745231351776,106.0114222764852,135.0972448390612,119.6,44.43277777777778
sunspots,2002.0,104.0,,True,0.9752674629336554,5.683653052854998,104.54420917049289,104.67511382573402,98.971207358107,103.84529722128492,111.0,44.43277777777778
sunspots,2003.0,63.7,,True,0.8121968263613296,4.626919465277234,98.7838817594568,98.92445291925878,93.24079986640379,98.14521770788221,104.0,44.43277777777778
sunspots,2004.0,40.4,,True,0.8034764225281021,3.8926111221081117,64.00799461255443,64.87694477230404,60.2500253070268,36.257081407358456,63.7,44.43277777777778
sunspots,2005.0,29.8,,True,0.8405204612911418,3.4345541487627123,44.303575914756394,45.06856577817998,41.175954656071866,25.226927335289677,40.4,44.43277777777778
sunspots,2006.0,15.2,,True,0.6400220374309908,2.812563110669334,35.38529349179733,35.9330346031126,32.49848045434989,22.936757799201253,29.8,44.43277777777778
sunspots,2007.0,7.5,,True,0.5406535640686141,2.336791586771043,22.346590058434185,23.359050796609687,20.546487685940352,9.475078981087165,15.2,44.43277777777778
sunspots,2008.0,2.9,,True,0.35178317332735154,1.9263966558159065,15.506434144940151,16.579831031837877,14.243039445066835,7.189409379085897,7.5,44.43277777777778
